Cluster,Age,Gender,Total_Bilirubin,Direct_Bilirubin,Alkaline_Phosphotase,Alamine_Aminotransferase,Aspartate_Aminotransferase,Total_Protiens,Albumin,Albumin_and_Globulin_Ratio,Globulin
0,49.27891156462585,0.6802721088435374,0.7478872176145425,0.3315605485095901,5.376547444273154,3.4685690097644097,3.678124757485123,5.605597525755801,2.616486207071649,0.8687025943307988,2.989111318684152
1,38.37243401759531,0.6598240469208211,0.6812616980404358,0.2774673067025553,5.31789533168863,3.4919230743106944,3.538363597447146,7.263730217767146,3.820346480568134,1.1114348248226398,3.4433837371990124
2,47.457364341085274,0.875968992248062,2.178459543685647,1.6210651488127243,5.904106128387133,4.619260836639409,5.0648724375279714,6.514110499413877,2.803905580702365,0.7946246334208379,3.7102049187115123
